88e36666-a465-4865-983b-bf11533d308d,manager1@example.com,$2a$06$pFgxfOjA5hUiuvTm9RO7/.TuyF62FDeG44U4d2h77yT0IVOo4dyQO,2025-01-26 23:02:39.000517+00,,,,,,,,,,{"provider": "email", "providers": ["email"]},{"full_name": "Manager 1", "user_role": "Manager", "employee_role": "Management", "email_verified": true},2025-01-26 23:02:39.000517+00,2025-01-26 23:02:39.000517+00,,,,,,,0,,,,f,
58e6399e-e881-4b03-8946-2cb7f2ea32dd,manager2@example.com,$2a$06$RVjhQ.MV/8MRGwfciiuvXuSGKANJl5VmREBg6P.Jzuoaqp9nY1qwq,2025-01-26 23:02:39.000517+00,,,,,,,,,,{"provider": "email", "providers": ["email"]},{"full_name": "Manager 2", "user_role": "Manager", "employee_role": "Management", "email_verified": true},2025-01-26 23:02:39.000517+00,2025-01-26 23:02:39.000517+00,,,,,,,0,,,,f,
ea3ffafe-f9a4-4374-bf2a-731acd5e476e,manager3@example.com,$2a$06$n3B//mbbmNvLzHYQ10GxUO4dlNQh5FRi/rt8Yskib.90qsiMPVLCi,2025-01-26 23:02:39.000517+00,,,,,,,,,,{"provider": "email", "providers": ["email"]},{"full_name": "Manager 3", "user_role": "Manager", "employee_role": "Management", "email_verified": true},2025-01-26 23:02:39.000517+00,2025-01-26 23:02:39.000517+00,,,,,,,0,,,,f,
b21fc993-ffe8-47e3-9b54-729affa5907d,manager4@example.com,$2a$06$q8zsE4CqZQbJDKVh6T1tzeO5t1362BCTSogEWk07LfGhI25iED/Xu,2025-01-26 23:02:39.000517+00,,,,,,,,,,{"provider": "email", "providers": ["email"]},{"full_name": "Manager 4", "user_role": "Manager", "employee_role": "Management", "email_verified": true},2025-01-26 23:02:39.000517+00,2025-01-26 23:02:39.000517+00,,,,,,,0,,,,f,
f3d38766-63e9-4d68-ba89-1a751ece2ed8,manager5@example.com,$2a$06$gHFHJAPFNGJOuxxeSLj0Ou9LNPnhiiMmLLVIs2mkXKGF42Vz3co3C,2025-01-26 23:02:39.000517+00,,,,,,,,,,{"provider": "email", "providers": ["email"]},{"full_name": "Manager 5", "user_role": "Manager", "employee_role": "Management", "email_verified": true},2025-01-26 23:02:39.000517+00,2025-01-26 23:02:39.000517+00,,,,,,,0,,,,f,
8305ddc4-7ffe-44cd-b0b2-6e416414313c,supervisor1@example.com,$2a$06$/34n94RnKQ5CrDNBpFm2yOr8JqX0AJvXVTaWB.4II7fpSD3UVdcUW,2025-01-26 23:02:39.000517+00,,,,,,,,,,{"provider": "email", "providers": ["email"]},{"full_name": "Supervisor 1", "user_role": "Employee", "employee_role": "Shift Supervisor", "email_verified": true},2025-01-26 23:02:39.000517+00,2025-01-26 23:02:39.000517+00,,,,,,,0,,,,f,
db7901ec-5f52-4d15-8594-a108a411b2ff,supervisor2@example.com,$2a$06$sz5gBKmG9mNhvZhiJP8STudEBGG7O0AvfQBSf1icesoskg/zY9zeu,2025-01-26 23:02:39.000517+00,,,,,,,,,,{"provider": "email", "providers": ["email"]},{"full_name": "Supervisor 2", "user_role": "Employee", "employee_role": "Shift Supervisor", "email_verified": true},2025-01-26 23:02:39.000517+00,2025-01-26 23:02:39.000517+00,,,,,,,0,,,,f,
06a6b20d-7e34-43f4-b157-95a61334ecd5,supervisor3@example.com,$2a$06$7SlhyM.Q0H6WGO8OGsiLMOyTObTGaBed60bvbL6MCRh5R4TPSatpO,2025-01-26 23:02:39.000517+00,,,,,,,,,,{"provider": "email", "providers": ["email"]},{"full_name": "Supervisor 3", "user_role": "Employee", "employee_role": "Shift Supervisor", "email_verified": true},2025-01-26 23:02:39.000517+00,2025-01-26 23:02:39.000517+00,,,,,,,0,,,,f,
a90bb78a-fe75-4ec9-8b95-4c1c044237ba,supervisor4@example.com,$2a$06$d4vtZDbnO7cObHCrrZWwq.5/wQzEsYCUQG5PxP52txHCNa6HEDnVS,2025-01-26 23:02:39.000517+00,,,,,,,,,,{"provider": "email", "providers": ["email"]},{"full_name": "Supervisor 4", "user_role": "Employee", "employee_role": "Shift Supervisor", "email_verified": true},2025-01-26 23:02:39.000517+00,2025-01-26 23:02:39.000517+00,,,,,,,0,,,,f,
15de29ce-373d-48e6-9925-be7a57f2f38b,supervisor5@example.com,$2a$06$Hg4Ax9ZFJ1g.lxTNmSeagOvZJE0CVRLtfp6gePMjFg5KmTod8Ctcu,2025-01-26 23:02:39.000517+00,,,,,,,,,,{"provider": "email", "providers": ["email"]},{"full_name": "Supervisor 5", "user_role": "Employee", "employee_role": "Shift Supervisor", "email_verified": true},2025-01-26 23:02:39.000517+00,2025-01-26 23:02:39.000517+00,,,,,,,0,,,,f,
2cfb3560-0668-46b1-8671-32d8961d1d9e,supervisor6@example.com,$2a$06$yiQ4QybfUyH7XFXuYtXAmuRDDIE9kWbKGNYCkgIFNCqsorgiFUDfS,2025-01-26 23:02:39.000517+00,,,,,,,,,,{"provider": "email", "providers": ["email"]},{"full_name": "Supervisor 6", "user_role": "Employee", "employee_role": "Shift Supervisor", "email_verified": true},2025-01-26 23:02:39.000517+00,2025-01-26 23:02:39.000517+00,,,,,,,0,,,,f,
9658f65a-64a7-4538-b80c-64c4198a4517,supervisor7@example.com,$2a$06$QOzEGwxiBmbfUU3/g9ZvKOe6cymg7EPbT4AAd4VZjjrMaET1uFTyK,2025-01-26 23:02:39.000517+00,,,,,,,,,,{"provider": "email", "providers": ["email"]},{"full_name": "Supervisor 7", "user_role": "Employee", "employee_role": "Shift Supervisor", "email_verified": true},2025-01-26 23:02:39.000517+00,2025-01-26 23:02:39.000517+00,,,,,,,0,,,,f,
b96d2078-3af7-4bab-b112-8b0e0892e33f,supervisor8@example.com,$2a$06$8a1CS3MZWu5Dx9HM7Vb6AuaPGg2DT3ZrYyPOci0zMb4XuQruInNOu,2025-01-26 23:02:39.000517+00,,,,,,,,,,{"provider": "email", "providers": ["email"]},{"full_name": "Supervisor 8", "user_role": "Employee", "employee_role": "Shift Supervisor", "email_verified": true},2025-01-26 23:02:39.000517+00,2025-01-26 23:02:39.000517+00,,,,,,,0,,,,f,
228f8208-3c80-446e-8fc2-4d229df85030,supervisor9@example.com,$2a$06$0jpw0Q0C0kE9tx.MtyKyEuaV87ScPfD0xc4gyrgBrX97UK9ej3A5S,2025-01-26 23:02:39.000517+00,,,,,,,,,,{"provider": "email", "providers": ["email"]},{"full_name": "Supervisor 9", "user_role": "Employee", "employee_role": "Shift Supervisor", "email_verified": true},2025-01-26 23:02:39.000517+00,2025-01-26 23:02:39.000517+00,,,,,,,0,,,,f,
f15d591a-6bbe-407e-a295-d288a26141b1,supervisor10@example.com,$2a$06$aHvT/o1Pjh1NOnKrV5I7ie/9woVPTNWJDUws57oZuHHkPfa8KjDoS,2025-01-26 23:02:39.000517+00,,,,,,,,,,{"provider": "email", "providers": ["email"]},{"full_name": "Supervisor 10", "user_role": "Employee", "employee_role": "Shift Supervisor", "email_verified": true},2025-01-26 23:02:39.000517+00,2025-01-26 23:02:39.000517+00,,,,,,,0,,,,f,
ba2eb797-a295-4373-95ee-c22eeef99efd,dispatcher1@example.com,$2a$06$DhazICCl3ix4qO25p17xFuY7VL.Ia0M71.lRJN2uclwJsy1L1tk6u,2025-01-26 23:02:39.000517+00,,,,,,,,,,{"provider": "email", "providers": ["email"]},{"full_name": "Dispatcher 1", "user_role": "Employee", "employee_role": "Dispatcher", "email_verified": true},2025-01-26 23:02:39.000517+00,2025-01-26 23:02:39.000517+00,,,,,,,0,,,,f,
df238850-9d79-4716-8863-38f99f1caa02,dispatcher2@example.com,$2a$06$x69vpNy93lrt7ixUsL6mVOb82YWGUlPokxUoJ6xvdKaCugilnck.i,2025-01-26 23:02:39.000517+00,,,,,,,,,,{"provider": "email", "providers": ["email"]},{"full_name": "Dispatcher 2", "user_role": "Employee", "employee_role": "Dispatcher", "email_verified": true},2025-01-26 23:02:39.000517+00,2025-01-26 23:02:39.000517+00,,,,,,,0,,,,f,
38f5416a-e72c-47e8-92d5-37022274dac1,dispatcher3@example.com,$2a$06$57NvJpq0.XWudVL2H1g3We1Dr4eeUu0mkF6398SnUaa6AcFW4vJci,2025-01-26 23:02:39.000517+00,,,,,,,,,,{"provider": "email", "providers": ["email"]},{"full_name": "Dispatcher 3", "user_role": "Employee", "employee_role": "Dispatcher", "email_verified": true},2025-01-26 23:02:39.000517+00,2025-01-26 23:02:39.000517+00,,,,,,,0,,,,f,
c504a092-4883-4b9f-b270-a7259ccb0980,dispatcher4@example.com,$2a$06$lETrU.nD39bBEMqqiWF.Req4xzHByNeQVwae1UUI/Ej49x5nTHp9a,2025-01-26 23:02:39.000517+00,,,,,,,,,,{"provider": "email", "providers": ["email"]},{"full_name": "Dispatcher 4", "user_role": "Employee", "employee_role": "Dispatcher", "email_verified": true},2025-01-26 23:02:39.000517+00,2025-01-26 23:02:39.000517+00,,,,,,,0,,,,f,
51643b51-9603-4151-bbae-1c44037773ba,dispatcher5@example.com,$2a$06$9sQvuSqok5t3OEd/BIOWJe./bMFyBAyMgU5Iwr6.so7un3.Do5ilm,2025-01-26 23:02:39.000517+00,,,,,,,,,,{"provider": "email", "providers": ["email"]},{"full_name": "Dispatcher 5", "user_role": "Employee", "employee_role": "Dispatcher", "email_verified": true},2025-01-26 23:02:39.000517+00,2025-01-26 23:02:39.000517+00,,,,,,,0,,,,f,
11a0b8cd-0c43-46c3-881a-de863307e028,dispatcher6@example.com,$2a$06$/q21I2icy16VsOwEHoZjK.zusDeC6VD6TRiQN0jrFuar.uETgP9J2,2025-01-26 23:02:39.000517+00,,,,,,,,,,{"provider": "email", "providers": ["email"]},{"full_name": "Dispatcher 6", "user_role": "Employee", "employee_role": "Dispatcher", "email_verified": true},2025-01-26 23:02:39.000517+00,2025-01-26 23:02:39.000517+00,,,,,,,0,,,,f,
4f2c808e-133d-4347-8b23-7bbf93ce4076,dispatcher7@example.com,$2a$06$yK0D.nu3NsHH8kJ./gGpde3Iw7Y2HvWPvxuFOFoRZgGxbAlD0XnDW,2025-01-26 23:02:39.000517+00,,,,,,,,,,{"provider": "email", "providers": ["email"]},{"full_name": "Dispatcher 7", "user_role": "Employee", "employee_role": "Dispatcher", "email_verified": true},2025-01-26 23:02:39.000517+00,2025-01-26 23:02:39.000517+00,,,,,,,0,,,,f,
4210a367-8419-4f94-960b-62f5ed88987b,dispatcher8@example.com,$2a$06$E5X8ZfnNL2f83dhCJHYSxOV/x3fonrsydtVVmI09ce8bFnfWoKQ3C,2025-01-26 23:02:39.000517+00,,,,,,,,,,{"provider": "email", "providers": ["email"]},{"full_name": "Dispatcher 8", "user_role": "Employee", "employee_role": "Dispatcher", "email_verified": true},2025-01-26 23:02:39.000517+00,2025-01-26 23:02:39.000517+00,,,,,,,0,,,,f,
4122eb97-61e1-4a6f-b881-0ed17be5afaa,dispatcher9@example.com,$2a$06$oT4/Shp1umxPG5kzAPwh7evYSEujLM.1doHwOa1Tp2xNwWL7uNaS6,2025-01-26 23:02:39.000517+00,,,,,,,,,,{"provider": "email", "providers": ["email"]},{"full_name": "Dispatcher 9", "user_role": "Employee", "employee_role": "Dispatcher", "email_verified": true},2025-01-26 23:02:39.000517+00,2025-01-26 23:02:39.000517+00,,,,,,,0,,,,f,
e9496599-2f81-47d6-b25c-022f35415e88,dispatcher10@example.com,$2a$06$h4uP6rqCZAY1R.FDLPcSHeE/U27HdSKUb16WtUOfHjtvcUcgsGHfy,2025-01-26 23:02:39.000517+00,,,,,,,,,,{"provider": "email", "providers": ["email"]},{"full_name": "Dispatcher 10", "user_role": "Employee", "employee_role": "Dispatcher", "email_verified": true},2025-01-26 23:02:39.000517+00,2025-01-26 23:02:39.000517+00,,,,,,,0,,,,f,
1930302a-ef3a-41e4-aef3-ec2df1a5ca56,dispatcher11@example.com,$2a$06$YcpojmOsE16pr3fJQ4rhe.iFGMCT5NchPJtpLWmF8cNufRzanRzM6,2025-01-26 23:02:39.000517+00,,,,,,,,,,{"provider": "email", "providers": ["email"]},{"full_name": "Dispatcher 11", "user_role": "Employee", "employee_role": "Dispatcher", "email_verified": true},2025-01-26 23:02:39.000517+00,2025-01-26 23:02:39.000517+00,,,,,,,0,,,,f,
86be5b58-c870-4caf-b2f6-e02792299b3f,dispatcher12@example.com,$2a$06$KgAGsYJrj51DY7ng6K5l3eCvNLfIMXUA72YEkKbzdNK8JamrRQT0C,2025-01-26 23:02:39.000517+00,,,,,,,,,,{"provider": "email", "providers": ["email"]},{"full_name": "Dispatcher 12", "user_role": "Employee", "employee_role": "Dispatcher", "email_verified": true},2025-01-26 23:02:39.000517+00,2025-01-26 23:02:39.000517+00,,,,,,,0,,,,f,
b4407d9b-b746-4574-bbf6-c45ce91c0957,dispatcher13@example.com,$2a$06$87WgD6STMGnuu7QxlklhRO8tMYl6ZDw4RfrHmMbfilUP6x5EfEXFa,2025-01-26 23:02:39.000517+00,,,,,,,,,,{"provider": "email", "providers": ["email"]},{"full_name": "Dispatcher 13", "user_role": "Employee", "employee_role": "Dispatcher", "email_verified": true},2025-01-26 23:02:39.000517+00,2025-01-26 23:02:39.000517+00,,,,,,,0,,,,f,
2a3f190c-1444-4d66-994a-1ef37afcdf40,dispatcher14@example.com,$2a$06$fsdgmuR8b3kpXjU4Mpbpce2innz.IZ3nb/RunuWGt4dfztOsemelC,2025-01-26 23:02:39.000517+00,,,,,,,,,,{"provider": "email", "providers": ["email"]},{"full_name": "Dispatcher 14", "user_role": "Employee", "employee_role": "Dispatcher", "email_verified": true},2025-01-26 23:02:39.000517+00,2025-01-26 23:02:39.000517+00,,,,,,,0,,,,f,
1ec91bbc-c74e-4f25-ac5d-4906e72ebf62,dispatcher15@example.com,$2a$06$9A17zrYjHj289/Ri2uo26OwEEreaDgw7TW9VaxoCO8KgomyE1a8.C,2025-01-26 23:02:39.000517+00,,,,,,,,,,{"provider": "email", "providers": ["email"]},{"full_name": "Dispatcher 15", "user_role": "Employee", "employee_role": "Dispatcher", "email_verified": true},2025-01-26 23:02:39.000517+00,2025-01-26 23:02:39.000517+00,,,,,,,0,,,,f,
3af5c418-417b-4876-94fb-cd293c48d028,dispatcher16@example.com,$2a$06$p8p4vGyLbPc94IMzveYOTu9uzFUb8j2k5c4YD87ndPBF87jwrrbRy,2025-01-26 23:02:39.000517+00,,,,,,,,,,{"provider": "email", "providers": ["email"]},{"full_name": "Dispatcher 16", "user_role": "Employee", "employee_role": "Dispatcher", "email_verified": true},2025-01-26 23:02:39.000517+00,2025-01-26 23:02:39.000517+00,,,,,,,0,,,,f,
18ac8eca-1087-4674-99e0-96835e8c4c56,dispatcher17@example.com,$2a$06$VleMHvsNGzGE8jzXnpkv9OZ7rOACx0j2rUwJIrW8eP6HN45QPEwmG,2025-01-26 23:02:39.000517+00,,,,,,,,,,{"provider": "email", "providers": ["email"]},{"full_name": "Dispatcher 17", "user_role": "Employee", "employee_role": "Dispatcher", "email_verified": true},2025-01-26 23:02:39.000517+00,2025-01-26 23:02:39.000517+00,,,,,,,0,,,,f,
7c9ff09b-e811-425f-a13f-7056d96c175f,dispatcher18@example.com,$2a$06$39HHwpCa5xA3uYkriakFgO.HuR0cvQu4uKl8rFLI8NyE7ZmRsEdaW,2025-01-26 23:02:39.000517+00,,,,,,,,,,{"provider": "email", "providers": ["email"]},{"full_name": "Dispatcher 18", "user_role": "Employee", "employee_role": "Dispatcher", "email_verified": true},2025-01-26 23:02:39.000517+00,2025-01-26 23:02:39.000517+00,,,,,,,0,,,,f,
1a1e42ef-8d31-4965-9114-46179164615b,dispatcher19@example.com,$2a$06$KRvlBasW1mz4L.4VMv9.zetTCwYdgbv.8J60cz8SiQzgrFYKX2/9W,2025-01-26 23:02:39.000517+00,,,,,,,,,,{"provider": "email", "providers": ["email"]},{"full_name": "Dispatcher 19", "user_role": "Employee", "employee_role": "Dispatcher", "email_verified": true},2025-01-26 23:02:39.000517+00,2025-01-26 23:02:39.000517+00,,,,,,,0,,,,f,
4d448dc3-9fa9-46bd-acde-2ffbfebc128d,dispatcher20@example.com,$2a$06$Ey4eDOT4nfLVv3G8fU.dauq0sDk.VAofMOb211KGAQJ.Eaan/LWGe,2025-01-26 23:02:39.000517+00,,,,,,,,,,{"provider": "email", "providers": ["email"]},{"full_name": "Dispatcher 20", "user_role": "Employee", "employee_role": "Dispatcher", "email_verified": true},2025-01-26 23:02:39.000517+00,2025-01-26 23:02:39.000517+00,,,,,,,0,,,,f,
39ff2b08-d0e2-4dd6-9052-a5ba40e9c22b,dispatcher21@example.com,$2a$06$KF88b.1.fk.0xfCU4WJl2.iOBGbGSBYCT.//MRRTixpQ.HGCj1R/m,2025-01-26 23:02:39.000517+00,,,,,,,,,,{"provider": "email", "providers": ["email"]},{"full_name": "Dispatcher 21", "user_role": "Employee", "employee_role": "Dispatcher", "email_verified": true},2025-01-26 23:02:39.000517+00,2025-01-26 23:02:39.000517+00,,,,,,,0,,,,f,
cbee2dd0-6f00-4673-9269-d12ba921e385,dispatcher22@example.com,$2a$06$wSYC.W7BMDE7vqPRPXhOWuLWp1YgHWIX7eLhOlG2zTGOdxpgrHUdO,2025-01-26 23:02:39.000517+00,,,,,,,,,,{"provider": "email", "providers": ["email"]},{"full_name": "Dispatcher 22", "user_role": "Employee", "employee_role": "Dispatcher", "email_verified": true},2025-01-26 23:02:39.000517+00,2025-01-26 23:02:39.000517+00,,,,,,,0,,,,f,
8be98b01-f612-4b57-807e-ce346d5e5002,dispatcher23@example.com,$2a$06$B9Xnos53ak1gi8Feo6tvOem2qhTBa1uKncgnEeIoqN7pS8ZsoIepa,2025-01-26 23:02:39.000517+00,,,,,,,,,,{"provider": "email", "providers": ["email"]},{"full_name": "Dispatcher 23", "user_role": "Employee", "employee_role": "Dispatcher", "email_verified": true},2025-01-26 23:02:39.000517+00,2025-01-26 23:02:39.000517+00,,,,,,,0,,,,f,
5555999f-23b4-4f07-a621-7aa6b8993742,dispatcher24@example.com,$2a$06$7QJeshY3anvRe9KjR/aHx..4y29LTl2VMOYOAWJdkYiqQ2OKMKhKe,2025-01-26 23:02:39.000517+00,,,,,,,,,,{"provider": "email", "providers": ["email"]},{"full_name": "Dispatcher 24", "user_role": "Employee", "employee_role": "Dispatcher", "email_verified": true},2025-01-26 23:02:39.000517+00,2025-01-26 23:02:39.000517+00,,,,,,,0,,,,f,
3f5eea44-cc8f-4871-9e8a-b98915ff17d6,dispatcher25@example.com,$2a$06$WfOYxr0TLSpv0ihGCqgme.brhaPAq31ao7tKmnYCO5dveRHloXheW,2025-01-26 23:02:39.000517+00,,,,,,,,,,{"provider": "email", "providers": ["email"]},{"full_name": "Dispatcher 25", "user_role": "Employee", "employee_role": "Dispatcher", "email_verified": true},2025-01-26 23:02:39.000517+00,2025-01-26 23:02:39.000517+00,,,,,,,0,,,,f,
a28ed60e-fde5-451f-bdd8-23d9a30653e4,dispatcher26@example.com,$2a$06$Vb11QqAKKYmGYLI7Vh4BSOT5yDnpRlFklNfSkqvvrvfPHv5terPpq,2025-01-26 23:02:39.000517+00,,,,,,,,,,{"provider": "email", "providers": ["email"]},{"full_name": "Dispatcher 26", "user_role": "Employee", "employee_role": "Dispatcher", "email_verified": true},2025-01-26 23:02:39.000517+00,2025-01-26 23:02:39.000517+00,,,,,,,0,,,,f,
b899a9d1-0ebd-4ea5-85e7-a01776fa1a2a,dispatcher27@example.com,$2a$06$m8lol3U1Fg6aplzRF1foTuA5LcLK./WQ..g1D/EzTOc5agapQDlCG,2025-01-26 23:02:39.000517+00,,,,,,,,,,{"provider": "email", "providers": ["email"]},{"full_name": "Dispatcher 27", "user_role": "Employee", "employee_role": "Dispatcher", "email_verified": true},2025-01-26 23:02:39.000517+00,2025-01-26 23:02:39.000517+00,,,,,,,0,,,,f,
2120e2e7-b818-44f0-addb-16624f687986,dispatcher28@example.com,$2a$06$F2zKPRht6LQkIfEx0YGtw.Uw8t/CtEKrBdhtF/J2JrhEd4XKyHxnC,2025-01-26 23:02:39.000517+00,,,,,,,,,,{"provider": "email", "providers": ["email"]},{"full_name": "Dispatcher 28", "user_role": "Employee", "employee_role": "Dispatcher", "email_verified": true},2025-01-26 23:02:39.000517+00,2025-01-26 23:02:39.000517+00,,,,,,,0,,,,f,
a7f2a27b-c54c-4712-a157-3d6cd4c374f6,dispatcher29@example.com,$2a$06$CzEvzBUYoSN7qRA5WDmrLO1E6EwBv5GYzWm9MkqKHHnynx01tW4X2,2025-01-26 23:02:39.000517+00,,,,,,,,,,{"provider": "email", "providers": ["email"]},{"full_name": "Dispatcher 29", "user_role": "Employee", "employee_role": "Dispatcher", "email_verified": true},2025-01-26 23:02:39.000517+00,2025-01-26 23:02:39.000517+00,,,,,,,0,,,,f,
8d121956-4177-4391-88bd-ca311494e422,dispatcher30@example.com,$2a$06$Pwesqhjtlk8Ca6OmNALP2epdUZcKnkCeM5HwHvePR7msAm3UXQQz.,2025-01-26 23:02:39.000517+00,,,,,,,,,,{"provider": "email", "providers": ["email"]},{"full_name": "Dispatcher 30", "user_role": "Employee", "employee_role": "Dispatcher", "email_verified": true},2025-01-26 23:02:39.000517+00,2025-01-26 23:02:39.000517+00,,,,,,,0,,,,f,
46ae2d59-6917-4cc6-af18-bc64f4e3dc54,dispatcher31@example.com,$2a$06$SqvCoqlSj1KFIgiGmgYEauJf/0hFThUQ1qDX0ue7.H.dRhDVdd0t6,2025-01-26 23:02:39.000517+00,,,,,,,,,,{"provider": "email", "providers": ["email"]},{"full_name": "Dispatcher 31", "user_role": "Employee", "employee_role": "Dispatcher", "email_verified": true},2025-01-26 23:02:39.000517+00,2025-01-26 23:02:39.000517+00,,,,,,,0,,,,f,
f41f1123-97b3-455b-a008-0d97aaee549d,dispatcher32@example.com,$2a$06$V.gXgycyvz3qtwKfPkpWee2xuEO07UyaZZz1y0cxhK0vrh/0z71Ri,2025-01-26 23:02:39.000517+00,,,,,,,,,,{"provider": "email", "providers": ["email"]},{"full_name": "Dispatcher 32", "user_role": "Employee", "employee_role": "Dispatcher", "email_verified": true},2025-01-26 23:02:39.000517+00,2025-01-26 23:02:39.000517+00,,,,,,,0,,,,f,
b83a9d47-38bd-4f75-a998-023fc57a2b61,dispatcher33@example.com,$2a$06$RMoasnWK0Y4.oIBEZywriud3KbwTdiyE.YPX5ERCCQZnB1OdsgWhW,2025-01-26 23:02:39.000517+00,,,,,,,,,,{"provider": "email", "providers": ["email"]},{"full_name": "Dispatcher 33", "user_role": "Employee", "employee_role": "Dispatcher", "email_verified": true},2025-01-26 23:02:39.000517+00,2025-01-26 23:02:39.000517+00,,,,,,,0,,,,f,
15784d00-9805-4455-bb65-49924de4f395,dispatcher34@example.com,$2a$06$xMz/td/FhlAMCSUaFuyoAOfR.Gb4jib5c6zic7lRT1P8mlfP9GVJ6,2025-01-26 23:02:39.000517+00,,,,,,,,,,{"provider": "email", "providers": ["email"]},{"full_name": "Dispatcher 34", "user_role": "Employee", "employee_role": "Dispatcher", "email_verified": true},2025-01-26 23:02:39.000517+00,2025-01-26 23:02:39.000517+00,,,,,,,0,,,,f,
671fe4eb-7c98-4e20-8c45-b9f518089d60,dispatcher35@example.com,$2a$06$0auYnvwDHy..GmmyBCfTAORmxBPU.9lsKhnxmflWOqARm.yjAXPFO,2025-01-26 23:02:39.000517+00,,,,,,,,,,{"provider": "email", "providers": ["email"]},{"full_name": "Dispatcher 35", "user_role": "Employee", "employee_role": "Dispatcher", "email_verified": true},2025-01-26 23:02:39.000517+00,2025-01-26 23:02:39.000517+00,,,,,,,0,,,,f,
